Title,Company,Location,Source,Match Score,Date Posted,Link
Senior Python Software Engineer,Innefu Labs,New Delhi,LinkedIn,54.87,2025-08-12T00:00:00.000Z,https://in.linkedin.com/jobs/view/senior-python-software-engineer-at-innefu-labs-4281249377?utm_campaign=google_jobs_apply&utm_source=google_jobs_apply&utm_medium=organic
Software Development Engineer (Python),TrueFan AI,Gurugram,LinkedIn,51.58,2025-08-29T13:00:00.000Z,https://in.linkedin.com/jobs/view/software-development-engineer-python-at-truefan-ai-4292910284?utm_campaign=google_jobs_apply&utm_source=google_jobs_apply&utm_medium=organic
Python Intern,OpenLx,New Delhi,Indeed,48.99,,https://in.indeed.com/viewjob?jk=ed48fb1611c26611&utm_campaign=google_jobs_apply&utm_source=google_jobs_apply&utm_medium=organic
Junior Data Scientist & Python Developer,Right & Left Brain Technologies,New Delhi,LinkedIn,45.87,2025-08-17T00:00:00.000Z,https://in.linkedin.com/jobs/view/junior-data-scientist-python-developer-at-right-left-brain-technologies-4284732478?utm_campaign=google_jobs_apply&utm_source=google_jobs_apply&utm_medium=organic
Python Backend Developer,ADEO DISTINCTIONS & DIMENSIONS PVT LTD,,Indeed,44.27,2025-08-27T00:00:00.000Z,https://in.indeed.com/viewjob?jk=462ca15f6c839130&utm_campaign=google_jobs_apply&utm_source=google_jobs_apply&utm_medium=organic
Python Development Internship in Delhi,Wastelink,New Delhi,LinkedIn,37.11,2025-08-21T00:00:00.000Z,https://in.linkedin.com/jobs/view/python-development-internship-in-delhi-at-wastelink-4289153635?utm_campaign=google_jobs_apply&utm_source=google_jobs_apply&utm_medium=organic
Python Developer (FULLY REMOTE),Code Vyasa,New Delhi,Post Jobs For Free,35.01,2025-08-02T00:00:00.000Z,https://www.postjobfree.com/job/xmivcf/python-developer-fully-new-delhi-india?utm_campaign=google_jobs_apply&utm_source=google_jobs_apply&utm_medium=organic
Python Developer - Remote,Bounteous,New Delhi,LinkedIn,33.77,2025-08-14T00:00:00.000Z,https://in.linkedin.com/jobs/view/python-developer-remote-at-bounteous-4285918331?utm_campaign=google_jobs_apply&utm_source=google_jobs_apply&utm_medium=organic
Data Engineer - SQL/Python,SMC,New Delhi,LinkedIn,33.49,2025-08-13T00:00:00.000Z,https://in.linkedin.com/jobs/view/data-engineer-sql-python-at-smc-4284006226?utm_campaign=google_jobs_apply&utm_source=google_jobs_apply&utm_medium=organic
Python Developer(Django+DSA),DigiRecruitx,,Indeed,32.45,2025-08-23T00:00:00.000Z,https://in.indeed.com/viewjob?jk=697bc00c8b0e98fc&utm_campaign=google_jobs_apply&utm_source=google_jobs_apply&utm_medium=organic
